{
  "rekap_multi_k": {
    "1": {
      "tfidf": {
        "p": 0.6363636363636364,
        "r": 0.36363636363636365,
        "f1": 0.45454545454545453,
        "ndcg": 0.6363636363636364
      },
      "gemini": {
        "p": 0.8181818181818182,
        "r": 0.45454545454545453,
        "f1": 0.5757575757575757,
        "ndcg": 0.8181818181818182
      }
    },
    "3": {
      "tfidf": {
        "p": 0.3939393939393939,
        "r": 0.6818181818181818,
        "f1": 0.49090909090909096,
        "ndcg": 0.6512543395895549
      },
      "gemini": {
        "p": 0.5757575757575757,
        "r": 0.9090909090909091,
        "f1": 0.7000000000000001,
        "ndcg": 0.8812205821470246
      }
    },
    "5": {
      "tfidf": {
        "p": 0.30909090909090914,
        "r": 0.8636363636363636,
        "f1": 0.4502164502164503,
        "ndcg": 0.7375080533238445
      },
      "gemini": {
        "p": 0.36363636363636365,
        "r": 1.0,
        "f1": 0.5281385281385282,
        "ndcg": 0.9203729965173331
      }
    }
  },
  "mrr_global": {
    "tfidf": 0.7303030303030303,
    "gemini": 0.8863636363636364
  },
  "waktu_komputasi": {
    "rata_rata_tfidf": 0.0024668333353474736,
    "rata_rata_gemini": 0.5669944249869635
  },
  "log_per_query": [
    {
      "kueri": "hukum menyebarkan berita bohong atau hoaks yang merugikan konsumen",
      "kategori": "BAKU",
      "tfidf_time": 0.002768100006505847,
      "gemini_time": 0.6971896999748424,
      "mrr_tfidf": 1.0,
      "mrr_gemini": 1.0,
      "tfidf_k1": {
        "p": 1.0,
        "r": 0.5,
        "f1": 0.6666666666666666,
        "ndcg": 1.0
      },
      "gemini_k1": {
        "p": 1.0,
        "r": 0.5,
        "f1": 0.6666666666666666,
        "ndcg": 1.0
      },
      "tfidf_k3": {
        "p": 0.6666666666666666,
        "r": 1.0,
        "f1": 0.8,
        "ndcg": 1.0
      },
      "gemini_k3": {
        "p": 0.6666666666666666,
        "r": 1.0,
        "f1": 0.8,
        "ndcg": 1.0
      },
      "tfidf_k5": {
        "p": 0.4,
        "r": 1.0,
        "f1": 0.5714285714285715,
        "ndcg": 1.0
      },
      "gemini_k5": {
        "p": 0.4,
        "r": 1.0,
        "f1": 0.5714285714285715,
        "ndcg": 1.0
      }
    },
    {
      "kueri": "hukuman menyebar konten asusila atau pornografi",
      "kategori": "BAKU",
      "tfidf_time": 0.0025621000677347183,
      "gemini_time": 0.6118734000483528,
      "mrr_tfidf": 0.3333333333333333,
      "mrr_gemini": 1.0,
      "tfidf_k1": {
        "p": 0.0,
        "r": 0.0,
        "f1": 0.0,
        "ndcg": 0.0
      },
      "gemini_k1": {
        "p": 1.0,
        "r": 0.5,
        "f1": 0.6666666666666666,
        "ndcg": 1.0
      },
      "tfidf_k3": {
        "p": 0.3333333333333333,
        "r": 0.5,
        "f1": 0.4,
        "ndcg": 0.3065735963827292
      },
      "gemini_k3": {
        "p": 0.6666666666666666,
        "r": 1.0,
        "f1": 0.8,
        "ndcg": 1.0
      },
      "tfidf_k5": {
        "p": 0.4,
        "r": 1.0,
        "f1": 0.5714285714285715,
        "ndcg": 0.5437713091520254
      },
      "gemini_k5": {
        "p": 0.4,
        "r": 1.0,
        "f1": 0.5714285714285715,
        "ndcg": 1.0
      }
    },
    {
      "kueri": "mengancam orang lain secara elektronik",
      "kategori": "BAKU",
      "tfidf_time": 0.0030020999256521463,
      "gemini_time": 0.6091588999843225,
      "mrr_tfidf": 0.2,
      "mrr_gemini": 1.0,
      "tfidf_k1": {
        "p": 0.0,
        "r": 0.0,
        "f1": 0.0,
        "ndcg": 0.0
      },
      "gemini_k1": {
        "p": 1.0,
        "r": 0.5,
        "f1": 0.6666666666666666,
        "ndcg": 1.0
      },
      "tfidf_k3": {
        "p": 0.0,
        "r": 0.0,
        "f1": 0.0,
        "ndcg": 0.0
      },
      "gemini_k3": {
        "p": 0.6666666666666666,
        "r": 1.0,
        "f1": 0.8,
        "ndcg": 1.0
      },
      "tfidf_k5": {
        "p": 0.2,
        "r": 0.5,
        "f1": 0.28571428571428575,
        "ndcg": 0.23719771276929622
      },
      "gemini_k5": {
        "p": 0.4,
        "r": 1.0,
        "f1": 0.5714285714285715,
        "ndcg": 1.0
      }
    },
    {
      "kueri": "memeras orang dengan ancaman menyebarkan rahasia",
      "kategori": "BAKU",
      "tfidf_time": 0.0019478999311104417,
      "gemini_time": 0.509574200026691,
      "mrr_tfidf": 1.0,
      "mrr_gemini": 1.0,
      "tfidf_k1": {
        "p": 1.0,
        "r": 1.0,
        "f1": 1.0,
        "ndcg": 1.0
      },
      "gemini_k1": {
        "p": 1.0,
        "r": 1.0,
        "f1": 1.0,
        "ndcg": 1.0
      },
      "tfidf_k3": {
        "p": 0.3333333333333333,
        "r": 1.0,
        "f1": 0.5,
        "ndcg": 1.0
      },
      "gemini_k3": {
        "p": 0.3333333333333333,
        "r": 1.0,
        "f1": 0.5,
        "ndcg": 1.0
      },
      "tfidf_k5": {
        "p": 0.2,
        "r": 1.0,
        "f1": 0.33333333333333337,
        "ndcg": 1.0
      },
      "gemini_k5": {
        "p": 0.2,
        "r": 1.0,
        "f1": 0.33333333333333337,
        "ndcg": 1.0
      }
    },
    {
      "kueri": "kena pasal apa kalau sebar video gak senonoh di grup WA",
      "kategori": "AWAM",
      "tfidf_time": 0.0018430000636726618,
      "gemini_time": 0.5097556000109762,
      "mrr_tfidf": 1.0,
      "mrr_gemini": 1.0,
      "tfidf_k1": {
        "p": 1.0,
        "r": 0.5,
        "f1": 0.6666666666666666,
        "ndcg": 1.0
      },
      "gemini_k1": {
        "p": 1.0,
        "r": 0.5,
        "f1": 0.6666666666666666,
        "ndcg": 1.0
      },
      "tfidf_k3": {
        "p": 0.3333333333333333,
        "r": 0.5,
        "f1": 0.4,
        "ndcg": 0.6131471927654584
      },
      "gemini_k3": {
        "p": 0.6666666666666666,
        "r": 1.0,
        "f1": 0.8,
        "ndcg": 1.0
      },
      "tfidf_k5": {
        "p": 0.4,
        "r": 1.0,
        "f1": 0.5714285714285715,
        "ndcg": 0.8503449055347546
      },
      "gemini_k5": {
        "p": 0.4,
        "r": 1.0,
        "f1": 0.5714285714285715,
        "ndcg": 1.0
      }
    },
    {
      "kueri": "bisa dipenjara gak kalau nakut-nakutin orang lewat chat",
      "kategori": "AWAM",
      "tfidf_time": 0.0021464999299496412,
      "gemini_time": 0.510216600028798,
      "mrr_tfidf": 0.0,
      "mrr_gemini": 1.0,
      "tfidf_k1": {
        "p": 0.0,
        "r": 0.0,
        "f1": 0.0,
        "ndcg": 0.0
      },
      "gemini_k1": {
        "p": 1.0,
        "r": 0.5,
        "f1": 0.6666666666666666,
        "ndcg": 1.0
      },
      "tfidf_k3": {
        "p": 0.0,
        "r": 0.0,
        "f1": 0.0,
        "ndcg": 0.0
      },
      "gemini_k3": {
        "p": 0.6666666666666666,
        "r": 1.0,
        "f1": 0.8,
        "ndcg": 1.0
      },
      "tfidf_k5": {
        "p": 0.0,
        "r": 0.0,
        "f1": 0.0,
        "ndcg": 0.0
      },
      "gemini_k5": {
        "p": 0.4,
        "r": 1.0,
        "f1": 0.5714285714285715,
        "ndcg": 1.0
      }
    },
    {
      "kueri": "nyebar kabar bohong di medsos sampai bikin orang rugi uang, hukumannya apa",
      "kategori": "AWAM",
      "tfidf_time": 0.0023407000117003918,
      "gemini_time": 0.508078399929218,
      "mrr_tfidf": 1.0,
      "mrr_gemini": 1.0,
      "tfidf_k1": {
        "p": 1.0,
        "r": 0.5,
        "f1": 0.6666666666666666,
        "ndcg": 1.0
      },
      "gemini_k1": {
        "p": 1.0,
        "r": 0.5,
        "f1": 0.6666666666666666,
        "ndcg": 1.0
      },
      "tfidf_k3": {
        "p": 0.6666666666666666,
        "r": 1.0,
        "f1": 0.8,
        "ndcg": 1.0
      },
      "gemini_k3": {
        "p": 0.6666666666666666,
        "r": 1.0,
        "f1": 0.8,
        "ndcg": 1.0
      },
      "tfidf_k5": {
        "p": 0.4,
        "r": 1.0,
        "f1": 0.5714285714285715,
        "ndcg": 1.0
      },
      "gemini_k5": {
        "p": 0.4,
        "r": 1.0,
        "f1": 0.5714285714285715,